{
  "minecraft:recipes/decorations/crafting_table": {
    "criteria": {
      "unlock_right_away": "2024-07-16 15:08:00 +0000"
    },
    "done": true
  },
  "minecraft:adventure/root": {
    "criteria": {
      "killed_by_something": "2024-07-16 15:20:02 +0000"
    },
    "done": true
  },
  "minecraft:adventure/adventuring_time": {
    "criteria": {
      "minecraft:snowy_plains": "2024-07-16 15:08:00 +0000",
      "minecraft:frozen_ocean": "2024-07-16 15:23:53 +0000",
      "minecraft:deep_frozen_ocean": "2024-07-16 15:23:57 +0000",
      "minecraft:snowy_beach": "2024-07-16 15:23:51 +0000"
    },
    "done": false
  },
  "DataVersion": 3465
}